"store_type","sum_order_count","sum_totalled_sales","avg_sales_percentage"
"Super Store","19276",1045045.1899999995,100
"Web Portal","43",1067.77,100
"Local","78409",4200344.2700000005,100
"Outlet","9207",508029.40999999957,100
"Mall Kiosk","13142",705645.8999999993,100
