"store_type","total_sales"
"Local",38197.6699999999
"Super Store",11033.039999999977
"Mall Kiosk",4942.43
"Outlet",4828.419999999998
